{
  "marketing_stripe": {
    "text": "",
    "link": "/promotion"
  },
  "contacts_stripe": {
    "pages": [
      {
        "title": "Sobre nós",
        "link": "/pages/sobre-nos"
      },
      {
        "title": "Como comprar"
      }
    ],
    "phone_wpp": true,
    "socials": true
  },
  "categories_list": {
    "featured": [
      "/altura?Altura",
      "/calcados?Calçados",
      "/capacetes?Capacetes",
      "/luvas?Luvas",
      "/protetores-auriculares?Protetores Auriculares",
      "/oculos?Óculos",
      "/respiradores?Respiradores"
    ],
    "random": 0,
    "full_width": true
  },
  "desktop_megamenu": false,
  "search_input": true
}