{
  "meta_title": "",
  "meta_description": "",
  "sections": [
    {
      "type": "banner-slider",
      "autoplay": 9000,
      "full_width": true,
      "slides": [
        {
          "start": "2022-04-03T20:02:05.634Z",
          "end": "",
          "img": "/img/uploads/banner_usemarluvas_1200x300.webp",
          "link": "/marluvas",
          "alt": "Seja qual for sua atividade, use Marluvas!"
        },
        {
          "start": "2022-04-03T20:04:01.175Z",
          "end": "",
          "img": "/img/uploads/banner_kalipso_1200x300.webp",
          "link": "/kalipso",
          "alt": "Óculos e Luvas de proteção Kalipso"
        }
      ]
    },
    {
      "type": "custom-content",
      "markdown": "<br>"
    },
    {
      "type": "brands-carousel",
      "limit": 24,
      "offset": 0,
      "sort": null,
      "autoplay": 9000
    },
    {
      "type": "collection-shelf",
      "shuffle": true,
      "collection_id": null,
      "sort": "offers",
      "title": "",
      "headless": false,
      "limit": 12,
      "page": 1
    }
  ]
}